zone_id,scene,pixel_count,approx_area_m2,centroid_x,centroid_y,centroid_lon,centroid_lat,mean_risk,max_risk,median_risk,high_priority_pixel_pct,priority_category,threshold_type,recommendation,priority_rank
scene_01_sudan_sample-Z0015,scene_01_sudan_sample,113,101700.0,558046.1946902655,1971232.831858407,33.54778057074883,17.827923887829897,4.106383800506592,5.704737663269043,4.23085880279541,100.0,HIGH PRIORITY,95th percentile prioritisation threshold,Spectral-stress evidence detected. Prioritise field inspection to determine the underlying cause. Field verification required.,1
scene_01_sudan_sample-Z0004,scene_01_sudan_sample,119,107100.0,557394.2016806722,1972606.8907563025,33.541665474661436,17.84036031736377,3.873584032058716,5.720835208892822,4.097036838531494,100.0,HIGH PRIORITY,95th percentile prioritisation threshold,Spectral-stress evidence detected. Prioritise field inspection to determine the underlying cause. Field verification required.,2
scene_01_sudan_sample-Z0008,scene_01_sudan_sample,353,317700.0,556571.6430594901,1971781.9546742209,33.53388049552247,17.832925597212082,3.2293925285339355,5.669590473175049,3.015603542327881,100.0,HIGH PRIORITY,95th percentile prioritisation threshold,Spectral-stress evidence detected. Prioritise field inspection to determine the underlying cause. Field verification required.,3
scene_01_sudan_sample-Z0005,scene_01_sudan_sample,19,17100.0,554884.7368421053,1972616.8421052631,33.51798304943289,17.84051452103465,2.9208743572235107,4.108714580535889,3.017399549484253,100.0,HIGH PRIORITY,95th percentile prioritisation threshold,Spectral-stress evidence detected. Prioritise field inspection to determine the underlying cause. Field verification required.,4
scene_01_sudan_sample-Z0014,scene_01_sudan_sample,39,35100.0,557626.9230769231,1971429.2307692308,33.543829431671334,17.829710070109176,2.6736254692077637,3.9053947925567627,2.6838552951812744,100.0,HIGH PRIORITY,95th percentile prioritisation threshold,Spectral-stress evidence detected. Prioritise field inspection to determine the underlying cause. Field verification required.,5
scene_01_sudan_sample-Z0016,scene_01_sudan_sample,36,32400.0,552292.5,1970862.5,33.49347543208535,17.824721337130264,2.599191427230835,3.3187055587768555,2.5774450302124023,100.0,HIGH PRIORITY,95th percentile prioritisation threshold,Spectral-stress evidence detected. Prioritise field inspection to determine the underlying cause. Field verification required.,6
scene_01_sudan_sample-Z0011,scene_01_sudan_sample,903,812700.0,552867.973421927,1971241.661129568,33.498915465052036,17.828134579537675,2.490129232406616,4.196859836578369,2.405195713043213,100.0,HIGH PRIORITY,95th percentile prioritisation threshold,Spectral-stress evidence detected. Prioritise field inspection to determine the underlying cause. Field verification required.,7
scene_01_sudan_sample-Z0006,scene_01_sudan_sample,14,12600.0,557957.1428571428,1972401.4285714286,33.54697245998542,17.838488463670913,2.45281720161438,3.225978136062622,2.3358118534088135,100.0,HIGH PRIORITY,95th percentile prioritisation threshold,Spectral-stress evidence detected. Prioritise field inspection to determine the underlying cause. Field verification required.,8
scene_01_sudan_sample-Z0013,scene_01_sudan_sample,10,9000.0,558096.0,1971774.0,33.54826553016401,17.832813853458173,2.446751832962036,3.4917426109313965,2.2801053524017334,100.0,HIGH PRIORITY,95th percentile prioritisation threshold,Spectral-stress evidence detected. Prioritise field inspection to determine the underlying cause. Field verification required.,9
scene_01_sudan_sample-Z0001,scene_01_sudan_sample,22,19800.0,555443.1818181818,1975355.4545454546,33.52332567176302,17.865253136677808,2.4301798343658447,3.31575345993042,2.388455867767334,100.0,HIGH PRIORITY,95th percentile prioritisation threshold,Spectral-stress evidence detected. Prioritise field inspection to determine the underlying cause. Field verification required.,10
scene_01_sudan_sample-Z0007,scene_01_sudan_sample,20,18000.0,557223.0,1972266.0,33.54004049917638,17.837283690459806,2.4270548820495605,3.1432435512542725,2.4724249839782715,100.0,HIGH PRIORITY,95th percentile prioritisation threshold,Spectral-stress evidence detected. Prioritise field inspection to determine the underlying cause. Field verification required.,11
scene_01_sudan_sample-Z0009,scene_01_sudan_sample,49,44100.0,557414.693877551,1971861.4285714286,33.54183848656367,17.833622006867795,2.348788022994995,3.1523423194885254,2.34968900680542,100.0,HIGH PRIORITY,95th percentile prioritisation threshold,Spectral-stress evidence detected. Prioritise field inspection to determine the underlying cause. Field verification required.,12
scene_01_sudan_sample-Z0010,scene_01_sudan_sample,41,36900.0,552636.5853658536,1971919.756097561,33.49674890330126,17.83426907380579,2.3082046508789062,2.9157886505126953,2.301807165145874,100.0,HIGH PRIORITY,95th percentile prioritisation threshold,Spectral-stress evidence detected. Prioritise field inspection to determine the underlying cause. Field verification required.,13
scene_01_sudan_sample-Z0012,scene_01_sudan_sample,15,13500.0,555706.0,1971862.0,33.52571358592046,17.833671236014535,2.173600196838379,2.481978178024292,2.2181901931762695,100.0,HIGH PRIORITY,95th percentile prioritisation threshold,Spectral-stress evidence detected. Prioritise field inspection to determine the underlying cause. Field verification required.,14
scene_01_sudan_sample-Z0003,scene_01_sudan_sample,92,82800.0,552351.8478260869,1973493.9130434783,33.49410106549659,17.848503826438836,2.1475725173950195,2.7155063152313232,2.120652437210083,100.0,HIGH PRIORITY,95th percentile prioritisation threshold,Spectral-stress evidence detected. Prioritise field inspection to determine the underlying cause. Field verification required.,15
scene_01_sudan_sample-Z0017,scene_01_sudan_sample,27,24300.0,555175.5555555555,1970563.3333333333,33.52067368273068,17.821946744321608,2.1053736209869385,2.4588372707366943,2.1399612426757812,100.0,HIGH PRIORITY,95th percentile prioritisation threshold,Spectral-stress evidence detected. Prioritise field inspection to determine the underlying cause. Field verification required.,16
scene_01_sudan_sample-Z0002,scene_01_sudan_sample,10,9000.0,552342.0,1974036.0,33.49402164618437,17.853403682274347,2.0745646953582764,2.6445119380950928,1.9791252613067627,100.0,HIGH PRIORITY,95th percentile prioritisation threshold,Spectral-stress evidence detected. Prioritise field inspection to determine the underlying cause. Field verification required.,17
